,,
太郎,てすと,
花子,テスト,true,
太郎,てすとだよ,
花子,テストだってば,
太郎,何のテストなんだろう？,
花子,何のテストなんだろう？,
太郎,何のテストなんだろう？,
花子,何のテストなんだろう？,
太郎,何のテストなんだろう？,
花子,何のテストなんだろう？,
太郎,何のテストなんだろう？,
花子,何のテストなんだろう？,
太郎,何のテストなんだろう？,
花子,何のテストなんだろう？,
太郎,何のテストなんだろう？,
花子,何のテストなんだろう？,
太郎,何のテストなんだろう？,
花子,何のテストなんだろう？,
太郎,何のテストなんだろう？,
花子,何のテストなんだろう？,
太郎,何のテストなんだろう？,
花子,何のテストなんだろう？,
太郎,何のテストなんだろう？,
花子,何のテストなんだろう？,
太郎,何のテストなんだろう？,
花子,何のテストなんだろう？,
太郎,何のテストなんだろう？,
花子,何のテストなんだろう？,
太郎,何のテストなんだろう？,
花子,何のテストなんだろう？,
太郎,何のテストなんだろう？,
花子,何のテストなんだろう？,
太郎,何のテストなんだろう？,
花子,何のテストなんだろう？,
太郎,何のテストなんだろう？,
